mediaId,width,height
019fb93f-1d2d-7190-a8c1-86a3b762317a,3024,4032
019fb946-6335-7f6d-8f5f-60edde47af99,4032,3024
019fb92f-5250-7507-baee-ac4b1d7d96ef,3024,4032
019fb92f-eae5-7a95-84eb-8684cdefaf10,3024,4032
019fb945-808e-75ad-84a4-0f3d21befebf,4032,3024
019fb93e-f90e-78ca-90bd-e788c1b3fdae,3024,4032
019fb945-53bc-7bce-8421-59b7caffdca1,4032,3024
019fb92f-6247-76a6-960f-4e94248de840,3024,4032
019fb92f-b294-7b17-919c-68997a68f2d9,3024,4032
019fb93c-a95e-7855-b1ee-b36942594ef5,4032,3024
019fb93b-e16c-79a6-9782-a64486053345,4032,3024
019fb93b-462e-7b4e-abd8-c0ac6aee4836,4032,3024
019fb93d-5c8f-722e-893f-8d5264dbbe23,4032,3024
019fb93d-17bb-77c8-9155-0e82dc7449ef,4032,3024
019fb92e-3299-7ec5-b57a-cd17ba863dbc,4032,3024
019fb932-fb2f-7b62-8c6f-38604906824d,4032,3024
019fb939-6343-7478-b6ff-a06dfbca7063,4032,3024
019fb939-f54b-7132-a807-6831c20b5b03,4032,3024
019fb933-819a-749c-842d-584aadeca9a1,4032,3024
019fb936-ad6c-7479-967c-973715a581cf,4032,3024
019fb92e-ccce-7586-b52a-0bf4e4aa0bea,3024,4032
019fb92f-168c-7f8b-b6d8-ddb96e9348eb,3024,4032
019fb948-3f3a-78a1-b3df-d1125ee44dfc,4032,3024
019fb941-2ff9-71a8-bd23-102782c0adfd,4032,3024
019fb941-4b8c-7149-bedd-4ba58f711ec5,4032,3024
019fb941-e929-7e44-9969-1acfb7c3ea7a,4032,3024
019fb940-c3fc-7952-8521-130018241c2f,4032,3024
019fb940-20ab-70ed-8916-c0ad12b1de16,4032,3024
019fb940-4d50-7a26-b3ff-4694c4fc9af8,4032,3024
019fb93f-d25f-7daa-9490-79b9da38c113,4032,3024
019fb940-b135-74da-b78f-23c5888488fb,4032,3024
019fb932-3ad7-70c4-a0aa-c83fb7d485d9,4032,3024
019fb944-8b18-76cb-8311-fef676715173,4032,3024
019fb944-60bd-7745-8d3e-27408a116bab,4032,3024
019fb943-4fa6-7d04-92dd-b180a12c77c4,4032,3024
019fb943-782a-76f8-84d6-529d9094995a,4032,3024
019fb943-ad07-7d2a-9d2f-34f7ce910a81,4032,3024
019fb944-0291-7a61-84e2-cce338c33ee3,4032,3024
019fb96a-432c-7ab2-ad0a-08e0bf52ab5a,4032,3024
019fb957-9efd-7751-9a8f-8f205a22fd66,4032,3024
019fb95a-10f2-7ce0-9ecc-799d83ca2d12,4032,3024
019fb956-5df8-7fe7-a1e3-8dc0eb672c3c,3024,4032
019fb954-8f6b-79e8-96e2-bdd4ed5dafb7,3024,4032
019fb956-339e-7e78-b32a-8553a49804f8,3024,4032
019fb95a-4697-7695-ad59-268ea75ae3df,4032,3024
019fb961-3dbc-79d6-b591-7fdcdc4dac78,4032,3024
019fb956-18a6-7df0-a964-8f51ec796af4,3024,4032
019fb959-6f3f-762b-b2c3-f9642fa25c2b,4032,3024
019fb957-e1ca-7b6b-bd1d-f56f9262c335,4032,3024
019fb955-de8b-7562-8c25-3c779da9718a,3024,4032
019fb955-489d-793e-8a5f-5c5f3974a8a5,4032,3024
019fb958-f27c-7865-98d2-51ea7f5bcc24,4032,3024
019fb95f-7954-770e-8315-1a18f281abd7,4032,3024
019fb959-0736-7cc5-b989-8a6d3fa34245,3024,4032
019fb955-2b04-716a-a882-58a8616a9c4a,4032,3024
019fb960-94a6-7e80-aa8f-56ec0c297310,4032,3024
019fb95d-a75d-79ba-ae05-2cf83ee5d9cc,4032,3024
019fb957-c9ea-759a-8881-63c0f22a72a4,4032,3024
019fb95d-5565-776a-a1ed-b5cc06ba0a78,4032,3024
019fb95d-8808-705f-8a25-269e44c7f7dc,4032,3024
019fb954-cb37-772d-b506-c04cac7bd362,4032,3024
019fb953-f166-79be-9269-7953aa8166a9,4032,3024
019fb954-4aac-70c7-8bb0-dc492aaf764f,4032,3024
019fb95d-c14d-7f34-9327-2b41d343710d,4032,3024
019fb95e-1fb9-76a6-bf52-164fea1493cb,4032,3024
019fb95f-f9b2-76f5-b5e3-1b2130dd33cc,4032,3024
019fb95b-6a70-78b0-a7b8-558741599e69,4032,3024
019fb96d-c3d4-7aef-aad2-fbbe03d6cbaf,4032,3024
019fb96d-b2bb-7905-8277-321e97f4db19,4032,3024
019fb96d-0719-714c-be00-6c7f0541ffe8,4032,3024
019fb967-dc1d-7bfe-b8d8-3ee7572e2e94,4032,3024
019fb967-7f4d-7d34-ae26-4b0d27a6f9e7,4032,3024
019fb967-b56c-7fe7-bd3e-30897536b74b,4032,3024
019fb969-28fd-7767-90b2-fa754953c8f8,4032,3024
019fb967-2570-7288-8340-cb10a2ac16f0,4032,3024
019fb966-dbc6-7e15-8c9d-d081f8cc13a5,4032,3024
019fb965-3756-7544-b9c0-b3884e565b84,4032,3024
019fb965-d853-73f7-87c2-25f071328e65,4032,3024
019fb967-9d65-739d-a1b5-2c9836eefd84,4032,3024
019fb966-6c03-71bb-a83f-2b640145975a,4032,3024
019fb966-1be8-7e17-9257-87f5c358e745,4032,3024
019fb965-a30d-787b-9c3d-fc453e5fbd1f,4032,3024
019fb969-0297-73f5-888d-45fd420d7bc2,4032,3024
019fb964-0d9f-7a97-85b6-75f0ed5f44a1,4032,3024
019fb963-e38d-737a-872a-8a6dad5b1db7,4032,3024
019fb964-6351-70c7-b499-1561fb788dae,4032,3024
019fb979-1aef-7445-86ad-c832533d8719,4032,3024
019fb971-2bc3-788d-b940-a5202e0564b5,4032,3024
019fb97b-0974-777e-94f0-e33be369030a,4032,3024
019fb970-bffa-7921-b998-114f03a1e52f,4032,3024
019fb97a-a946-71c0-87ae-3d6a033933fe,4032,3024
019fb977-4406-7232-bc75-927f13815bfc,4032,3024
019fb972-8a29-755e-af99-821fb1635853,4032,3024
019fb97b-9c07-7306-bbbe-a7ce138f1ac0,4032,3024
019fb979-eb06-7f30-8547-c7d86b19c82b,4032,3024
019fb972-aa5e-728f-968d-d19f3786ba45,4032,3024
019fb97b-4600-7c64-a60f-a5be8e2b7a08,4032,3024
019fb976-ae53-74f7-88af-22d67789a6a7,4032,3024
019fb97a-4e06-7f4d-980f-53aac83800ae,4032,3024
019fb979-c64e-7ebd-8a15-b447ab5505b1,4032,3024
019fb977-85cd-747e-a8ad-552a508144a2,4032,3024
019fb974-1ba4-7a97-ad57-4a79501d856d,4032,3024
019fb970-84d6-75c3-9d67-59d6665408c3,4032,3024
019fb972-4098-7d46-a5c5-105831169b51,4032,3024
019fb979-0579-7811-8586-9b43ae4db430,4032,3024
019fb976-476a-73f4-96dd-d3e865d5a8cd,4032,3024
019fb972-d0b1-7cfd-8d10-2b1dc2b8424a,4032,3024
019fb976-7549-7fa5-baba-d29b7ab4a06c,4032,3024
019fb97a-8075-7de1-88c5-c21fdf8c7664,4032,3024
019fb97a-ec2c-75d5-b727-cafb35784aaa,4032,3024
019fb973-e306-7de1-8fbd-01a30120bf44,4032,3024
019fb978-a90a-7886-af42-f26a81fdef98,4032,3024
019fb97a-c552-7e41-9d03-d308636d42d7,4032,3024
019fb976-da9b-7055-b563-f4d54c29218f,4032,3024
019fb979-5212-7702-b55e-eb3ff51ae900,4032,3024
019fb970-df80-7ae5-8a3c-4d4498920528,4032,3024
019fb975-57ce-77a1-b38a-1fdf53645b71,4032,3024
019fb978-75c8-71a9-9b85-ca7abce8383a,4032,3024
019fb97b-b2cb-7e29-88d2-f44a00676dab,4032,3024
019fb977-a231-78be-82ba-b0bb1879b8dc,4032,3024
019fb977-5e1e-7d19-b05e-c6a32fcae9e5,4032,3024
019fb977-c453-723b-b66d-e71ec0474d24,4032,3024
019fb975-e19e-7fea-8739-b76ab6c63cb3,4032,3024
019fb974-f730-7d5c-a7a9-1567301df4d0,4032,3024
019fb975-fd63-7b56-a13b-51b4fe298fa7,4032,3024
019fb971-726f-73cf-b676-68d7790592b7,4032,3024
019fb975-8c7c-7666-ab68-9c12701b3a0f,4032,3024
019fb975-1f7a-76ec-ad50-3e25cbef87e0,4032,3024
019fb977-124a-77c1-aac4-b551369f22b0,4032,3024
019fb971-becb-746b-8ffb-f353c2994b39,4032,3024
019fb974-a4a3-720c-85f8-daff214c52c7,4032,3024
019fb979-a1ef-760f-965b-4876e1b362f7,4032,3024
019fb976-2c67-78c0-97f2-bebae7069ce2,4032,3024
019fb97a-18e0-79bd-af2e-f5608b984cba,4032,3024
019fb977-e4b2-7398-98fc-a498cecf5a7c,4032,3024
019fb979-3dd0-726e-86c8-e88944211b35,4032,3024
019fb971-e82b-7ce7-8a5b-285b02e342d2,4032,3024
019fb971-9bba-72fd-9770-2e32259dd647,4032,3024
019fb975-be4a-738f-92a7-17590e01bc44,4032,3024
019fb973-76c7-7c06-b911-442ab509659f,4032,3024
019fb974-69d7-739d-b42c-43cbfb2f635a,4032,3024
019fb96f-4880-7c24-b6a7-f263940ae382,4032,3024
019fb978-3b8c-764b-b99d-93c14ffa7b50,4032,3024
019fb96f-014e-792c-ab36-3cfe3b09e737,4032,3024
019fb989-3d54-7174-8578-e46a561381a2,4032,3024
019fb988-d74d-7450-ab05-98101f8c5728,4032,3024
019fb988-625d-7a9a-b920-627c4c390400,4032,3024
019fb988-88e2-728e-89a0-bbf6f2c9e457,4032,3024
019fb988-a462-7003-a63d-821ea83e8dd1,4032,3024
019fb989-defc-766d-9ea0-cb733212c7da,4032,3024
019fb987-e864-765d-9ae5-3751fcd2995b,4032,3024
019fb988-11ef-7717-ba5c-a6f36d69299e,4032,3024
019fb98a-5e14-7572-922b-f53aeb721ccf,4032,3024
019fb989-0ef0-7ad6-8840-3d45b02053de,4032,3024
019fb989-b0f3-74a7-b578-6ae0fe4b05ea,4032,3024
019fb98a-00c8-7321-89bc-d4270fcccbf9,4032,3024
019fb987-569e-7e38-b9bf-b87fe67d667a,4032,3024
